{"NST.AX": 1782771964.47757, "__last_any__": 1782774599.755552, "PDN.AX": 1782772494.990978, "NVDA": 1782773540.87147, "AAPL": 1782774599.755552}