{"NST.AX": 1782771964.47757, "__last_any__": 1783051903.736117, "PDN.AX": 1782772494.990978, "NVDA": 1782797175.553734, "AAPL": 1782796064.565905, "BHP.AX": 1783033894.248796, "WFC": 1783040201.348331, "MRK": 1783051903.736117}