{"CBA.AX": 1782768847.464167, "BHP.AX": 1782771756.536877, "CXO.AX": 1782771810.440946}