{"CBA.AX": 1782768847.464167, "BHP.AX": 1782771756.536877}