{"NST.AX": 1782771964.47757, "__last_any__": 1782773540.87147, "PDN.AX": 1782772494.990978, "NVDA": 1782773540.87147}